company,date
Aldeyra,2023-11-23
Pacira,2023-11-13
Phathom,2023-11-17
CorMedix,2023-11-15
Ionis,2023-12-22
MERCK,2023-12-16
BRISTOL,2023-12-16
Arcutis,2023-12-16
2SEVENTY,2023-12-16
GLAUKOS,2023-12-22
HUTCHMED,2023-11-30
BRISTOL,2023-11-27
SpringWorks,2023-11-27
BRAINSTORM,2023-12-08
VERTEX,2023-12-08
CRISPR,2023-12-08
BLUEBIRD,2023-12-20
Merck,2023-12-27
Amgen,2023-12-24
Zai,2023-11-27
Calliditas,2023-12-20
Zealand,2023-12-30
HUTCHMED,2023-11-30
ALNYLAM,2023-10-08
BRISTOL,2023-10-13
MERCK,2023-10-16
Regeneron,2023-10-22
BioMarin,2023-10-21
Sanofi,2023-10-22
Santhera,2023-10-26
"Ardelyx,",2023-10-17
Outlook,2023-08-29
BioLineRx,2023-09-09
APPILI,2023-09-23
Ocuphire,2023-09-28
MERCK,2023-09-07
Halozyme,2023-09-15
BRISTOL,2023-08-28
ARS,2023-09-19
"AnaptysBio,",2023-09-23
Tarsus,2023-08-25
LianBio,2023-08-25
Neurocrine,2023-08-20
REVANCE,2023-08-19
Biogen,2023-08-05
SAGE,2023-08-05
Galera,2023-08-09
IVERIC,2023-08-19
Regeneron,2023-08-20
Mesoblast,2023-08-02
DELCATH,2023-08-14
AMNEAL,2023-06-30
Citius,2023-07-28
BAUSCH,2023-06-28
Eton,2023-06-27
Regeneron,2023-06-27
Verrica,2023-07-23
Eisai,2023-07-06
BioMarin,2023-06-30
Clovis,2023-06-25
"INNOVIVA,",2023-05-29
Sarepta,2023-05-29
INTERCEPT,2023-06-22
Clovis,2023-06-25
Albireo,2023-06-15
IRONWOOD,2023-06-14
MERCK,2023-06-05
Halozyme,2023-06-20
Zai,2023-05-29
Zai,2023-06-20
ARGENX,2023-06-20
Aldeyra,2023-06-21
IMMUNITYBIO,2023-05-23
GENMAB,2023-05-21
GAMIDA,2023-05-01
"EYENOVIA,",2023-05-08
Protalix,2023-05-09
Opiant,2023-05-22
Blueprint,2023-05-22
GENMAB,2023-05-21
Krystal,2023-05-19
VERTEX,2023-05-03
Lexicon,2023-05-27
Arcutis,2023-04-30
Pharming,2023-03-29
Biogen,2023-04-25
SERES,2023-04-26
Ascendis,2023-04-30
Ionis,2023-04-25
Regeneron,2023-03-30
Emergent,2023-03-29
SEAGEN,2023-04-21
INCYTE,2023-03-23
Royalty,2023-02-28
CYTOKINETICS,2023-02-28
REATA,2023-02-28
Sanofi,2023-02-28
ACADIA,2023-03-12
Cidara,2023-03-22
Apellis,2023-02-26
ARGENX,2023-03-20
Apellis,2023-03-15
Ionis,2023-03-22
Myovant,2023-01-29
MERCK,2023-01-29
RIGEL,2023-02-15
FORMA,2023-02-15
Menarini,2023-02-17
Krystal,2023-02-17
Travere,2023-02-17
Regeneron,2023-02-11
Phathom,2023-01-11
BEIGENE,2023-01-20
Eisai,2023-01-06
Ionis,2023-01-25
Acer,2023-01-15
Gamida,2023-01-20
MediWound,2023-01-01
Vericel,2023-01-01
Relief,2023-01-15
SEAGEN,2023-01-19
